policy_model,tree_estimator,N,agreement_rate,conditional_agreement_rate,visited_ratio,policy_reward_mean,policy_reward_se,policy_rollouts,policy_reps,total_on_the_fly_encounters,unique_on_the_fly_states,rollouts_with_on_the_fly,rollouts_with_on_the_fly_rate,true_value,optimal_actions
lsa,lsa,20,0.14655172413793102,0.9515993265993266,0.15400570391495982,0.5971,0.0019780167479132985,10000,1,21542,366,9274,0.9274,0.6466288129683554,3
max,max,20,0.14596836919885922,0.9494097807757167,0.1537464350531501,0.60175,0.0020131068053883755,10000,1,28645,467,8888,0.8888,0.6466288129683554,3
weighted,weighted,20,0.13605133523463833,0.9523593466424682,0.14285714285714285,0.5655,0.0016870861347194446,10000,1,25338,487,8776,0.8776,0.6466288129683554,3
lsa_maxq,lsa,20,0.147005444646098,0.9545454545454546,0.15400570391495982,0.59815,0.001986089677033875,10000,1,20960,377,8735,0.8735,0.6466288129683554,3
lsa,lsa,30,0.2472776769509982,0.9520838532568006,0.2597225823178636,0.61865,0.0021272447595485347,10000,1,11468,239,6611,0.6611,0.6466288129683554,3
max,max,30,0.2686673580502982,0.9511243689765948,0.2824734249416645,0.6345,0.0022173106788776053,10000,1,8152,167,4481,0.4481,0.6466288129683554,3
weighted,weighted,30,0.21947109152190822,0.9484593837535014,0.23139745916515425,0.5567,0.0015854849025574553,10000,1,20598,335,8939,0.8939,0.6466288129683554,3
lsa_maxq,lsa,30,0.24740731138190303,0.9525829797853755,0.2597225823178636,0.6206,0.002139163762352059,10000,1,11499,240,6694,0.6694,0.6466288129683554,3
lsa,lsa,40,0.29602022297122116,0.9397119341563785,0.3150116670987814,0.6149,0.002103625804213386,10000,1,12773,201,6018,0.6018,0.6466288129683554,3
max,max,40,0.32421571169302565,0.9575038284839203,0.33860513352346383,0.6165,0.002113816884732975,10000,1,6319,172,3609,0.3609,0.6466288129683554,3
weighted,weighted,40,0.28072336012444904,0.9452204277608032,0.29699248120300753,0.572,0.0017555364396158464,10000,1,10807,162,6098,0.6098,0.6466288129683554,3
lsa_maxq,lsa,40,0.303020482240083,0.9619341563786008,0.3150116670987814,0.615,0.002104267757268411,10000,1,12773,201,6018,0.6018,0.6466288129683554,3
lsa,lsa,50,0.35474462017111746,0.969702338766832,0.36582836401348195,0.6303,0.00219491976328902,10000,1,5306,100,3898,0.3898,0.6466288129683554,3
max,max,50,0.34314233860513355,0.967647596417474,0.3546149857402126,0.6236,0.002157027880424287,10000,1,6930,108,3558,0.3558,0.6466288129683554,3
weighted,weighted,50,0.3529297381384496,0.9584580179545854,0.3682266009852217,0.57135,0.0017489207021366736,10000,1,6286,152,3901,0.3901,0.6466288129683554,3
lsa_maxq,lsa,50,0.35448535130930775,0.9689936215450036,0.36582836401348195,0.6299,0.002192733410148347,10000,1,5303,99,3895,0.3895,0.6466288129683554,3
lsa,lsa,60,0.40847809178117706,0.9756928317076947,0.41865439460720766,0.6311,0.002199264121534207,10000,1,3800,84,2372,0.2372,0.6466288129683554,3
max,max,60,0.41197822141560797,0.9793528505392912,0.42066372828623283,0.62,0.0021355224291972584,10000,1,3033,48,2203,0.2203,0.6466288129683554,3
weighted,weighted,60,0.3900700025926886,0.960727969348659,0.40601503759398494,0.58765,0.0019012125633187608,10000,1,4873,85,3462,0.3462,0.6466288129683554,3
lsa_maxq,lsa,60,0.40815400570391497,0.9749187180678124,0.41865439460720766,0.62425,0.00216082407105868,10000,1,3967,86,2531,0.2531,0.6466288129683554,3
