policy_model,tree_estimator,N,agreement_rate,conditional_agreement_rate,visited_ratio,policy_reward_mean,policy_reward_se,policy_rollouts,policy_reps,total_on_the_fly_encounters,unique_on_the_fly_states,rollouts_with_on_the_fly,rollouts_with_on_the_fly_rate,true_value,optimal_action
lsa,lsa,20,0.6424052696797756,0.9521507974867085,0.6746885801865258,0.9148,0.0020831538476539123,10000,1,17233,132,9391,0.9391,0.959375,3
max,max,20,0.6398617361246983,0.9574509612569533,0.6682971368942803,0.7885,0.004033410695699611,10000,1,13545,69,7930,0.793,0.959375,3
weighted,weighted,20,0.6606013174199439,0.9770425388251182,0.6761233939868257,0.9372,0.0017207301041154363,10000,1,17109,143,8838,0.8838,0.959375,3
lsa_maxq,lsa,20,0.6456009913258984,0.9568873852102465,0.6746885801865258,0.90815,0.0020234295581308655,10000,1,16735,112,9391,0.9391,0.959375,3
lsa,lsa,30,0.7752559838257354,0.9671304206329835,0.8016043827039718,0.71465,0.004073290674588786,10000,1,12462,74,7674,0.7674,0.959375,3
max,max,30,0.8287354072914629,0.9671943979296697,0.8568447140155221,0.79945,0.003928360084220275,10000,1,10111,33,6778,0.6778,0.959375,3
weighted,weighted,30,0.8355833822474401,0.9825906894700513,0.850388051914172,0.95685,0.0014462077657412054,10000,1,13274,65,8479,0.8479,0.959375,3
lsa_maxq,lsa,30,0.777603860953499,0.9700593930518265,0.8016043827039718,0.71535,0.004075732929166359,10000,1,12462,74,7674,0.7674,0.959375,3
lsa,lsa,40,0.8914759016500359,0.976217683188116,0.9131937650818496,0.81835,0.0037201090939873137,10000,1,8817,34,6172,0.6172,0.959375,3
max,max,40,0.8921933085501859,0.9802235597592434,0.9101936998630406,0.74335,0.004136700252483601,10000,1,10473,35,7290,0.729,0.959375,3
weighted,weighted,40,0.8957803430509359,0.9874191229331416,0.9071936346442314,0.95355,0.001451533824974294,10000,1,10293,37,6974,0.6974,0.959375,3
lsa_maxq,lsa,40,0.8931715906867541,0.9780745607770318,0.9131937650818496,0.8206,0.0037010719789514145,10000,1,8803,33,6172,0.6172,0.959375,3
lsa,lsa,50,0.9285201852214179,0.9868302488389825,0.9409117589512815,0.946,0.0016073762365534038,10000,1,7582,21,6699,0.6699,0.959375,3
max,max,50,0.935237722559186,0.9875352937125542,0.9470423270071089,0.805,0.003806435195151691,10000,1,6292,23,4897,0.4897,0.959375,3
weighted,weighted,50,0.9409117589512815,0.991614543954911,0.9488684536620361,0.9532,0.0015463554318177147,10000,1,7031,23,5458,0.5458,0.959375,3
lsa_maxq,lsa,50,0.9296289049761951,0.9880085949954945,0.9409117589512815,0.77725,0.003838908369803475,10000,1,9169,35,5861,0.5861,0.959375,3
lsa,lsa,60,0.9527163633992043,0.9896348485874941,0.9626948411921998,0.82125,0.003476140403552555,10000,1,4898,9,4260,0.426,0.959375,3
max,max,60,0.9605426204917498,0.989585433044413,0.9706515359029544,0.81205,0.0038034755675091774,10000,1,3601,7,3228,0.3228,0.959375,3
weighted,weighted,60,0.9608687145372725,0.9943308362016603,0.9663470945020544,0.95685,0.001404102881020493,10000,1,7159,14,6275,0.6275,0.959375,3
lsa_maxq,lsa,60,0.9534337702993544,0.9903800555517919,0.9626948411921998,0.83005,0.0033429503857712534,10000,1,4375,5,4260,0.426,0.959375,3
