setting,true_value,estimator,N,mean_V,bias,stdev,mse,value_replications,H
a,0.7558264017489712,lsa,8,0.6706041511274006,-0.08522225062157063,0.1699044166158068,0.036072607764992326,500,6
a,0.7558264017489712,lsa,10,0.7227334278884664,-0.033092973860504804,0.11302037131851493,0.013843202043241097,500,6
a,0.7558264017489712,lsa,12,0.774584283977945,0.018757882228973788,0.11593032500468754,0.013764818720897146,500,6
a,0.7558264017489712,lsa,14,0.7166720074355006,-0.039154394313470564,0.08896372825019816,0.009431782448341499,500,6
a,0.7558264017489712,lsa,16,0.8044271700828172,0.04860076833384597,0.06598021517155772,0.006706716699137054,500,6
a,0.7558264017489712,lsa,18,0.7562418949939512,0.00041549324498002527,0.07008084112630893,0.004901674279021635,500,6
a,0.7558264017489712,lsa,20,0.7524311531635101,-0.0033952485854611414,0.06046996275490441,0.003660830875745444,500,6
a,0.7558264017489712,lsa,22,0.7626232484653641,0.0067968467163929125,0.053451235148598265,0.0028975175951190648,500,6
a,0.7558264017489712,lsa,24,0.7478527504246884,-0.007973651324282849,0.04564927523281383,0.002143267732063864,500,6
a,0.7558264017489712,lsa,26,0.7700914110347005,0.014265009285729269,0.04271094186677204,0.0020240665959584295,500,6
a,0.7558264017489712,lsa,28,0.7515543105010568,-0.004272091247914389,0.04410223560694844,0.001959367934790237,500,6
a,0.7558264017489712,lsa,30,0.7589308124578996,0.003104410708928418,0.04168902042774307,0.001744135841226039,500,6
a,0.7558264017489712,weighted,8,0.08180541229248046,-0.6740209894564907,0.031165550069762054,0.45527364315603536,500,6
a,0.7558264017489712,weighted,10,0.1020166302,-0.6538097715489712,0.024866217402621914,0.4280843094832965,500,6
a,0.7558264017489712,weighted,12,0.09403176929280263,-0.6617946324561685,0.020966825255585467,0.43841086409357094,500,6
a,0.7558264017489712,weighted,14,0.11067753747375669,-0.6451488642752146,0.01920271731223199,0.4165850639390683,500,6
a,0.7558264017489712,weighted,16,0.09749223301410674,-0.6583341687348645,0.01681278132430985,0.43368598200045233,500,6
a,0.7558264017489712,weighted,18,0.11085653476820567,-0.6449698669807655,0.016020640542807225,0.4162422769147414,500,6
a,0.7558264017489712,weighted,20,0.1073275428375,-0.6484988589114712,0.015050855415292809,0.4207768452017148,500,6
a,0.7558264017489712,weighted,22,0.11271440315384285,-0.6431119985951284,0.013488990784694468,0.41377463170366513,500,6
a,0.7558264017489712,weighted,24,0.11503029685105479,-0.6407961048979164,0.013323168532188472,0.4107967998584391,500,6
a,0.7558264017489712,weighted,26,0.11757021567393176,-0.6382561860750394,0.011930221400628207,0.407513004585358,500,6
a,0.7558264017489712,weighted,28,0.1216166641476978,-0.6342097376012734,0.012752713740657477,0.4023842977126117,500,6
a,0.7558264017489712,weighted,30,0.12362222053827158,-0.6322041812106997,0.011458907746455107,0.3998131706938993,500,6
a,0.7558264017489712,max,8,1.0387534238147291,0.2829270220657579,0.12382892944360147,0.09535063637461198,500,6
a,0.7558264017489712,max,10,1.0077386599451303,0.25191225819615914,0.10552311995261823,0.07457264441633392,500,6
a,0.7558264017489712,max,12,0.8960122046706288,0.1401858029216576,0.08459025215613902,0.026793259079109333,500,6
a,0.7558264017489712,max,14,0.8734124534844434,0.11758605173547221,0.0708791831932459,0.01884029045565857,500,6
a,0.7558264017489712,max,16,0.8393520804490782,0.08352567870010696,0.06377747108690737,0.011035969688918321,500,6
a,0.7558264017489712,max,18,0.8383407807419992,0.08251437899302805,0.0561192064196951,0.00995168933912306,500,6
a,0.7558264017489712,max,20,0.8112025072380079,0.05537610548903671,0.053746853774604364,0.005949459901220289,500,6
a,0.7558264017489712,max,22,0.8085629451107541,0.052736543361782906,0.047940442788692146,0.005074832488415508,500,6
a,0.7558264017489712,max,24,0.7968783692826946,0.04105196753372342,0.04267640589185614,0.0035028971069966356,500,6
a,0.7558264017489712,max,26,0.7902833096122746,0.034456907863303354,0.043888547499341866,0.00310963069189896,500,6
a,0.7558264017489712,max,28,0.7868069180196654,0.030980516270694203,0.039120105283869354,0.002487114260544933,500,6
a,0.7558264017489712,max,30,0.7791152011801442,0.023288799431173013,0.03488712225896995,0.0017570452558586984,500,6
a,0.7558264017489712,ea,8,1.524244212962963,0.7684178112139918,0.20878667024824082,0.6339706225169028,500,6
a,0.7558264017489712,ea,10,1.3317212448559672,0.575894843106996,0.1663980543890536,0.359287806196685,500,6
a,0.7558264017489712,ea,12,1.2054347865226336,0.4496083847736624,0.12660234640262022,0.21814379746520154,500,6
a,0.7558264017489712,ea,14,1.14232852186214,0.38650212011316876,0.11077733017880433,0.16163096249975503,500,6
a,0.7558264017489712,ea,16,1.0617601302083335,0.3059337284593623,0.09464219444737548,0.10253467688892193,500,6
a,0.7558264017489712,ea,18,1.044337508275463,0.2885111065264917,0.08886068958609136,0.09111908829854895,500,6
a,0.7558264017489712,ea,20,1.010035514526644,0.2542091127776728,0.07419375582567138,0.07011597699592387,500,6
a,0.7558264017489712,ea,22,0.9760977401524313,0.22027133840346014,0.07233958574371456,0.05374201215629275,500,6
a,0.7558264017489712,ea,24,0.9584626535108025,0.2026362517618313,0.06666868644403832,0.04549727485275342,500,6
a,0.7558264017489712,ea,26,0.9363761215845758,0.18054971983560464,0.05930753391024943,0.036108550144073666,500,6
a,0.7558264017489712,ea,28,0.9262946387990079,0.17046823705003666,0.05603736579890766,0.032193325835896715,500,6
a,0.7558264017489712,ea,30,0.9173368910553459,0.16151048930637468,0.05216251577826687,0.02880112435219787,500,6
b,1.1631118983624829,lsa,8,0.9835286810078018,-0.17958321735468108,0.1761448903848126,0.06321510031931891,500,6
b,1.1631118983624829,lsa,10,1.1252422111279363,-0.037869687234546534,0.12123657487124989,0.016103023683581533,500,6
b,1.1631118983624829,lsa,12,1.1667834755579434,0.003671577195460518,0.10200677487611587,0.010398051835487558,500,6
b,1.1631118983624829,lsa,14,1.1729524528832527,0.009840554520769818,0.08680922849959129,0.007617606981665106,500,6
b,1.1631118983624829,lsa,16,1.1997847968284272,0.03667289846594435,0.07013900612668852,0.006254542701972231,500,6
b,1.1631118983624829,lsa,18,1.1998738845203498,0.036761986157866966,0.06057854319093948,0.005013864001617451,500,6
b,1.1631118983624829,lsa,20,1.202813517322758,0.03970161896027524,0.05263650689973919,0.0043412792029559714,500,6
b,1.1631118983624829,lsa,22,1.2086914790386332,0.04557958067615031,0.048064929519038624,0.004383115149384501,500,6
b,1.1631118983624829,lsa,24,1.2115810414204442,0.04846914305796135,0.04502208354881051,0.004372191859835048,500,6
b,1.1631118983624829,lsa,26,1.211334375839361,0.048222477476878245,0.043453963552514505,0.004209877788534435,500,6
b,1.1631118983624829,lsa,28,1.2073294707801578,0.04421757241767499,0.0389264708227291,0.0034674333009636856,500,6
b,1.1631118983624829,lsa,30,1.2135220656811405,0.05041016731865766,0.033707404606121864,0.0036751017161253,500,6
b,1.1631118983624829,weighted,8,0.08791714859008788,-1.075194749772395,0.04137916391284793,1.1577525606738372,500,6
b,1.1631118983624829,weighted,10,0.10165842959999997,-1.0614534687624828,0.03387405770784588,1.1278286232299306,500,6
b,1.1631118983624829,weighted,12,0.10761546518668551,-1.0554964331757974,0.03117860872048561,1.1150428818772922,500,6
b,1.1631118983624829,weighted,14,0.12668485726079268,-1.0364270411016903,0.028092106119201307,1.0749685996201646,500,6
b,1.1631118983624829,weighted,16,0.1254864500761032,-1.0376254482863796,0.02517505751135976,1.0772990868851693,500,6
b,1.1631118983624829,weighted,18,0.13500556950936227,-1.0281063288531205,0.02300793337394335,1.0575309296959845,500,6
b,1.1631118983624829,weighted,20,0.14491421387812498,-1.0181976844843579,0.022150443299673646,1.0372161855434032,500,6
b,1.1631118983624829,weighted,22,0.152305722532628,-1.0108061758298548,0.020058928294325887,1.0221306809788837,500,6
b,1.1631118983624829,weighted,24,0.15813061575869963,-1.0049812826037832,0.018185447826540937,1.0103174274755717,500,6
b,1.1631118983624829,weighted,26,0.16725116961912623,-0.9958607287433566,0.01817066414076536,0.9920681037424952,500,6
b,1.1631118983624829,weighted,28,0.17447990821952705,-0.9886319901429558,0.017684364278587064,0.9777053232004793,500,6
b,1.1631118983624829,weighted,30,0.17972488195198902,-0.9833870164104939,0.01715050028615621,0.9673435754254781,500,6
b,1.1631118983624829,max,8,1.3838630789582262,0.2207511805957434,0.11916746130831585,0.06290356580141408,500,6
b,1.1631118983624829,max,10,1.3458334925647595,0.18272159420227663,0.10383914581223325,0.044148184054429725,500,6
b,1.1631118983624829,max,12,1.2965781245591717,0.1334662261966888,0.0843253462004098,0.024909776018980957,500,6
b,1.1631118983624829,max,14,1.2599251438969261,0.09681324553444326,0.07155969099604073,0.014483352307610308,500,6
b,1.1631118983624829,max,16,1.245835426772921,0.08272352841043817,0.0620398125674996,0.010684422619396235,500,6
b,1.1631118983624829,max,18,1.2400120680229656,0.07690016966048274,0.05400675278298787,0.008824531981281495,500,6
b,1.1631118983624829,max,20,1.2327383873544906,0.06962648899200774,0.05150131504911854,0.007494928650239166,500,6
b,1.1631118983624829,max,22,1.2308116689358104,0.06769977057332754,0.04718213978835283,0.006804960942058856,500,6
b,1.1631118983624829,max,24,1.2257665903471684,0.06265469198468554,0.04215273813712167,0.00569891005348763,500,6
b,1.1631118983624829,max,26,1.2234362041933193,0.06032430583083648,0.039740028169154513,0.005215133173179722,500,6
b,1.1631118983624829,max,28,1.2205017753701521,0.05738987700766929,0.03577990766464085,0.004571239371860674,500,6
b,1.1631118983624829,max,30,1.2243738022709922,0.061261903908509385,0.035875499198892116,0.005037498210379595,500,6
b,1.1631118983624829,ea,8,2.186255941358025,1.023144042995542,0.23734838040928763,1.1030453178928092,500,6
b,1.1631118983624829,ea,10,1.8416349772805212,0.6785230789180383,0.16959456715916996,0.48909836119990086,500,6
b,1.1631118983624829,ea,12,1.7129138310185186,0.5498019326560357,0.13468766619310724,0.3203866510420087,500,6
b,1.1631118983624829,ea,14,1.641879276086677,0.4787673777241941,0.11985870058433597,0.24355557786245507,500,6
b,1.1631118983624829,ea,16,1.5432873434606482,0.38017544509816537,0.09800962122656391,0.15412004313685665,500,6
b,1.1631118983624829,ea,18,1.5247357975609568,0.36162389919847393,0.09184342281376252,0.13919018835702726,500,6
b,1.1631118983624829,ea,20,1.4714786992143936,0.3083668008519107,0.07497697475246273,0.10070038751718739,500,6
b,1.1631118983624829,ea,22,1.4417132681083427,0.2786013697458598,0.06957335091441655,0.08244949347941488,500,6
b,1.1631118983624829,ea,24,1.4297299451444347,0.2666180467819519,0.06098026376605727,0.07479633825366305,500,6
b,1.1631118983624829,ea,26,1.4070351436300101,0.2439232452675273,0.05772852585885979,0.06282446711428365,500,6
b,1.1631118983624829,ea,28,1.3966868273285278,0.23357492896604493,0.05282916564244468,0.05734258634248471,500,6
b,1.1631118983624829,ea,30,1.3842933183459294,0.22118141998344654,0.05407160599149659,0.051839111643244395,500,6
c,0.9819243335262345,lsa,8,0.844713849579904,-0.1372104839463305,0.3385651501798547,0.1332238250992612,500,6
c,0.9819243335262345,lsa,10,0.8786088221012762,-0.10331551142495832,0.2693595139821414,0.08308353357815072,500,6
c,0.9819243335262345,lsa,12,0.9525572735563027,-0.02936705996993183,0.2569069596075924,0.06673160773430507,500,6
c,0.9819243335262345,lsa,14,0.9044763941218945,-0.07744793940434003,0.2224381961340851,0.05537797691516529,500,6
c,0.9819243335262345,lsa,16,0.9944446134182626,0.012520279892028086,0.21580193457952093,0.04663409142690203,500,6
c,0.9819243335262345,lsa,18,0.9440855771692818,-0.037838756356952774,0.19502737600401693,0.039391377518871,500,6
c,0.9819243335262345,lsa,20,0.945456902615952,-0.03646743091028248,0.18375474415407295,0.03502814790432676,500,6
c,0.9819243335262345,lsa,22,0.953893785660938,-0.028030547865296573,0.1700013337840158,0.02962836419499635,500,6
c,0.9819243335262345,lsa,24,0.9469207567781402,-0.03500357674809429,0.16490687697779158,0.028365139903579077,500,6
c,0.9819243335262345,lsa,26,0.9666029448117298,-0.015321388714504725,0.1655068234550501,0.02757246854510172,500,6
c,0.9819243335262345,lsa,28,0.9430930227605745,-0.03883131076566004,0.16292845035525186,0.028000459271072697,500,6
c,0.9819243335262345,lsa,30,0.9419473303695023,-0.03997700315673225,0.15657535084957136,0.026064969594072417,500,6
c,0.9819243335262345,weighted,8,0.14083065185546875,-0.8410936816707658,0.11131235861719224,0.7198042416450442,500,6
c,0.9819243335262345,weighted,10,0.1726318862,-0.8092924473262345,0.09572082146432803,0.6640984160097683,500,6
c,0.9819243335262345,weighted,12,0.15831631067011745,-0.8236080228561171,0.10540574601069756,0.6894183258624498,500,6
c,0.9819243335262345,weighted,14,0.17188012666384753,-0.810044206862387,0.08731036972966016,0.6637794715323189,500,6
c,0.9819243335262345,weighted,16,0.1644050637602806,-0.8175192697659539,0.08928290268482576,0.676293250277063,500,6
c,0.9819243335262345,weighted,18,0.17825824598826587,-0.8036660875379686,0.08567684024546329,0.6532050201711237,500,6
c,0.9819243335262345,weighted,20,0.176462539971875,-0.8054617935543595,0.08188265378351306,0.6554600603284552,500,6
c,0.9819243335262345,weighted,22,0.17927048948991875,-0.8026538440363158,0.07445695543571042,0.6497859438826042,500,6
c,0.9819243335262345,weighted,24,0.18364310578606582,-0.7982812277401687,0.07562354846689935,0.642960401802911,500,6
c,0.9819243335262345,weighted,26,0.1869996846298973,-0.7949246488963373,0.07342658992244737,0.6372858786023889,500,6
c,0.9819243335262345,weighted,28,0.19351728525253747,-0.7884070482736971,0.0757157097791662,0.6273070767375919,500,6
c,0.9819243335262345,weighted,30,0.19740172901920436,-0.7845226045070302,0.07329453074895478,0.6208370610437282,500,6
c,0.9819243335262345,max,8,1.2450530587920097,0.26312872526577513,0.27818402901138073,0.14646830734900249,500,6
c,0.9819243335262345,max,10,1.2307518706046077,0.24882753707837313,0.24576973865363963,0.12219710211749167,500,6
c,0.9819243335262345,max,12,1.08056155581735,0.09863722229111549,0.23994245863084504,0.06718654030821411,500,6
c,0.9819243335262345,max,14,1.0778112645982427,0.09588693107200819,0.2066305463165815,0.051805093856154824,500,6
c,0.9819243335262345,max,16,1.0416989289834206,0.05977459545718611,0.19599269524698532,0.04190931257906757,500,6
c,0.9819243335262345,max,18,1.042509356297878,0.06058502277164346,0.19200219447299824,0.040461657981322695,500,6
c,0.9819243335262345,max,20,1.0017391979908719,0.019814864464637316,0.17011393561081542,0.029273502440574597,500,6
c,0.9819243335262345,max,22,1.0088605123481054,0.026936178821870826,0.16166287506741184,0.026808173134235294,500,6
c,0.9819243335262345,max,24,0.9917192633452462,0.009794929819011644,0.15493030307805553,0.024051332664393795,500,6
c,0.9819243335262345,max,26,0.9849304775534552,0.0030061440272206585,0.16006036841172708,0.025577119794938,500,6
c,0.9819243335262345,max,28,0.9819806084061162,5.627487988169033e-05,0.15361661627537504,0.023550871833166134,500,6
c,0.9819243335262345,max,30,0.96548241816367,-0.016441915362564563,0.1446403637699489,0.021149329742629872,500,6
c,0.9819243335262345,ea,8,1.8175229166666669,0.8355985831404323,0.37982540630519174,0.8422037967426519,500,6
c,0.9819243335262345,ea,10,1.5969283264746228,0.6150039929483883,0.3129788941765766,0.4759897879660539,500,6
c,0.9819243335262345,ea,12,1.4348870027434841,0.4529626692172496,0.2974801367385916,0.29349262259491876,500,6
c,0.9819243335262345,ea,14,1.376366665300283,0.3944423317740485,0.25898504982961884,0.22252386261852813,500,6
c,0.9819243335262345,ea,16,1.2965623480902777,0.31463801456404317,0.244434857023816,0.15862598273839998,500,6
c,0.9819243335262345,ea,18,1.2814610459027775,0.299536712376543,0.22439836880346334,0.13997616072715982,500,6
c,0.9819243335262345,ea,20,1.2375542192916666,0.2556298857654321,0.22141970057968885,0.11427526893363733,500,6
c,0.9819243335262345,ea,22,1.196288733233392,0.21436439970715748,0.20118984848466082,0.08634849628482423,500,6
c,0.9819243335262345,ea,24,1.186744753388203,0.20482041986196842,0.2175145460138036,0.08916935696456896,500,6
c,0.9819243335262345,ea,26,1.154469697646854,0.1725453641206195,0.19315344782649765,0.0670055405779662,500,6
c,0.9819243335262345,ea,28,1.1510051033639785,0.169080769837744,0.1832572333858789,0.06210435388999419,500,6
c,0.9819243335262345,ea,30,1.130357308937791,0.14843297541155642,0.19398190084014216,0.05958606808737539,500,6
d,1.1931296542566874,lsa,8,1.0536660856106397,-0.1394635686460477,0.16179275918111272,0.045574630109081554,500,6
d,1.1931296542566874,lsa,10,1.1579383887690842,-0.03519126548760321,0.11451123905460239,0.014325023388699638,500,6
d,1.1931296542566874,lsa,12,1.1831606398386627,-0.009969014418024669,0.11682154715381643,0.013719360580119317,500,6
d,1.1931296542566874,lsa,14,1.1925269643480392,-0.0006026899086482018,0.09277724310167708,0.008590764838998578,500,6
d,1.1931296542566874,lsa,16,1.2220243021206894,0.028894647864001977,0.07628803169925856,0.006643124728170657,500,6
d,1.1931296542566874,lsa,18,1.2217056316748862,0.02857597741819884,0.07504785185705089,0.006437502193626566,500,6
d,1.1931296542566874,lsa,20,1.2220072940455098,0.028877639788822407,0.06754442178733067,0.005387042496528639,500,6
d,1.1931296542566874,lsa,22,1.2297833933351536,0.03665373907846625,0.06086159620215271,0.005040222212921637,500,6
d,1.1931296542566874,lsa,24,1.2254396750092924,0.03231002075260503,0.058181427588755365,0.004422245800266817,500,6
d,1.1931296542566874,lsa,26,1.2301624882621693,0.03703283400548196,0.05523333963673553,0.004416051158289706,500,6
d,1.1931296542566874,lsa,28,1.2331795576289206,0.04004990337223324,0.050794242745401424,0.00417888974601182,500,6
d,1.1931296542566874,lsa,30,1.2329123873482635,0.039782733091576095,0.046845285375580435,0.0037727576526313386,500,6
d,1.1931296542566874,weighted,8,0.13836056594848628,-1.054769088308201,0.05277609510404922,1.1153175752325164,500,6
d,1.1931296542566874,weighted,10,0.155273849,-1.0378558052566873,0.044057941464984526,1.0790818925067267,500,6
d,1.1931296542566874,weighted,12,0.1569577143748928,-1.0361719398817946,0.03747664041150404,1.0750539785777815,500,6
d,1.1931296542566874,weighted,14,0.17956550310669872,-1.0135641511499887,0.03708214868222547,1.0286846240757859,500,6
d,1.1931296542566874,weighted,16,0.17848670171499254,-1.014642952541695,0.03135257736400014,1.030481339281679,500,6
d,1.1931296542566874,weighted,18,0.18812303248973072,-1.0050066217669567,0.028706875986235815,1.010860746354862,500,6
d,1.1931296542566874,weighted,20,0.19532656975937499,-0.9978030844973124,0.028137436149947924,0.9964011273148169,500,6
d,1.1931296542566874,weighted,22,0.20417095361625992,-0.9889587006404275,0.027333974847978424,0.9787849634610305,500,6
d,1.1931296542566874,weighted,24,0.21202510737666377,-0.9811045468800236,0.02560169872148647,0.9632202679921275,500,6
d,1.1931296542566874,weighted,26,0.21994580307352124,-0.9731838511831661,0.023703945052603058,0.9476475614607336,500,6
d,1.1931296542566874,weighted,28,0.22745179911484587,-0.9656778551418415,0.02362340077649397,0.9330906688454659,500,6
d,1.1931296542566874,weighted,30,0.23265109162880657,-0.9604785626278808,0.024115985624264893,0.9230994868688245,500,6
d,1.1931296542566874,max,8,1.4190168336301867,0.22588717937349934,0.12256336411012672,0.06601675247086305,500,6
d,1.1931296542566874,max,10,1.378038758615514,0.18490910435882668,0.10812306499663189,0.045858592864680844,500,6
d,1.1931296542566874,max,12,1.3214256273143767,0.12829597305768936,0.08847489564820278,0.0242720082484598,500,6
d,1.1931296542566874,max,14,1.286656389056615,0.09352673479992757,0.08137062696510437,0.015355186697164774,500,6
d,1.1931296542566874,max,16,1.2688369722541926,0.07570731799750519,0.07015071639410163,0.010642878762959829,500,6
d,1.1931296542566874,max,18,1.2615714011203323,0.0684417468636449,0.06935101261106925,0.009484216538027557,500,6
d,1.1931296542566874,max,20,1.2496025202107803,0.056472865954092955,0.06244751844185019,0.007081077763495072,500,6
d,1.1931296542566874,max,22,1.2559657330428227,0.06283607878613529,0.05691666078590212,0.00718140005968483,500,6
d,1.1931296542566874,max,24,1.2466146328816825,0.05348497862499513,0.050916405450315526,0.0054479383218091655,500,6
d,1.1931296542566874,max,26,1.247882745032253,0.05475309077556556,0.049821192971429826,0.005475087916035561,500,6
d,1.1931296542566874,max,28,1.244699992168369,0.05157033791168164,0.04819264873486245,0.0049773860816227046,500,6
d,1.1931296542566874,max,30,1.2414646733780474,0.04833501912136007,0.047389621588577464,0.004577558755302206,500,6
d,1.1931296542566874,ea,8,2.207316396604938,1.0141867423482505,0.22144248095558722,1.0775134471819796,500,6
d,1.1931296542566874,ea,10,1.8745743291323729,0.6814446748756855,0.1750161619723858,0.4949362405540703,500,6
d,1.1931296542566874,ea,12,1.7272338766718107,0.5341042224151233,0.13482429646686547,0.30340855613761314,500,6
d,1.1931296542566874,ea,14,1.644328341173354,0.45119868691666665,0.11625030085560813,0.21706735925944542,500,6
d,1.1931296542566874,ea,16,1.5611229497685184,0.367993295511831,0.09650404171895387,0.14471346954961528,500,6
d,1.1931296542566874,ea,18,1.5372946359780093,0.3441649817213219,0.08902410836856468,0.12635897593031412,500,6
d,1.1931296542566874,ea,20,1.4928363318575653,0.2997066776008779,0.07977807732112722,0.09617590513637012,500,6
d,1.1931296542566874,ea,22,1.4710014550062673,0.27787180074957996,0.07758674676856117,0.08322040151939493,500,6
d,1.1931296542566874,ea,24,1.4473111818457431,0.25418152758905577,0.07008455007152456,0.06951026943791658,500,6
d,1.1931296542566874,ea,26,1.4233431788551918,0.23021352459850442,0.06429749087375379,0.05712416590606132,500,6
d,1.1931296542566874,ea,28,1.419670386243355,0.2265407319866677,0.06257664500700665,0.05522870807638752,500,6
d,1.1931296542566874,ea,30,1.4019500786941548,0.2088204244374674,0.05874198286727038,0.047049688972320425,500,6
e,0.5592626748971193,lsa,8,0.3119244446051955,-0.2473382302919238,0.1565135249914311,0.08562369070217359,500,6
e,0.5592626748971193,lsa,10,0.4635874864064796,-0.09567518849063972,0.07407674184004646,0.01463013064699305,500,6
e,0.5592626748971193,lsa,12,0.5951381865648437,0.0358755116677244,0.08760765436181249,0.008946803237994272,500,6
e,0.5592626748971193,lsa,14,0.5778327187313816,0.018570043834262306,0.057107581035699545,0.003599599788131917,500,6
e,0.5592626748971193,lsa,16,0.6415988351862245,0.08233616028910518,0.03685249299186317,0.008134633318389102,500,6
e,0.5592626748971193,lsa,18,0.6114059659770817,0.052143291079962406,0.03501688602325938,0.0039426527468021,500,6
e,0.5592626748971193,lsa,20,0.6265199555722519,0.06725728067513259,0.027716576819627657,0.005290214017150678,500,6
e,0.5592626748971193,lsa,22,0.614066096112792,0.05480342121567261,0.030833141037876582,0.003952196198031505,500,6
e,0.5592626748971193,lsa,24,0.6169886207240297,0.057725945826910374,0.024790944500126186,0.003945646568961312,500,6
e,0.5592626748971193,lsa,26,0.6221602873879059,0.06289761249078651,0.020836475605364623,0.004389400055262793,500,6
e,0.5592626748971193,lsa,28,0.6178271509191793,0.05856447602205994,0.01795209511851501,0.0037514310154443654,500,6
e,0.5592626748971193,lsa,30,0.6174756923277895,0.0582130174306702,0.01929083832818268,0.0037601475689007765,500,6
e,0.5592626748971193,weighted,8,-0.05045535507202149,-0.6097180299691408,0.009141248323544012,0.371839471365521,500,6
e,0.5592626748971193,weighted,10,-0.047740242800000006,-0.6070029176971193,0.007145106722051616,0.3685034925377852,500,6
e,0.5592626748971193,weighted,12,-0.04794117255819188,-0.6072038474553112,0.005706008505950819,0.3687290057805367,500,6
e,0.5592626748971193,weighted,14,-0.037761821392447034,-0.5970244962895663,0.004896363347494219,0.3564621755950931,500,6
e,0.5592626748971193,weighted,16,-0.0466734331727028,-0.6059361080698221,0.004542282986589519,0.367179158132864,500,6
e,0.5592626748971193,weighted,18,-0.03905686197997521,-0.5983195368770946,0.00405704464653187,0.3580026949008623,500,6
e,0.5592626748971193,weighted,20,-0.04217269915625001,-0.6014353740533693,0.0036987602806521224,0.3617381626286748,500,6
e,0.5592626748971193,weighted,22,-0.037426194059927954,-0.5966888689570473,0.0033050470184556994,0.35604850782636294,500,6
e,0.5592626748971193,weighted,24,-0.03853383922079791,-0.5977965141179172,0.0029841240641451127,0.3573695594779706,500,6
e,0.5592626748971193,weighted,26,-0.035184584560679744,-0.5944472594577991,0.002643107085916121,0.35337451631992545,500,6
e,0.5592626748971193,weighted,28,-0.03434208095043971,-0.593604755847559,0.002726693502566417,0.3523740261525822,500,6
e,0.5592626748971193,weighted,30,-0.03314501494732511,-0.5924076898444445,0.002487322127357826,0.350953045384654,500,6
e,0.5592626748971193,max,8,0.8890992707475993,0.32983659585048,0.07151901468905637,0.11389691948540222,500,6
e,0.5592626748971193,max,10,0.8391379249165626,0.27987525001944324,0.05054153915107117,0.0808794938588456,500,6
e,0.5592626748971193,max,12,0.7782596812523201,0.2189970063552008,0.044555698579258486,0.0499409286478738,500,6
e,0.5592626748971193,max,14,0.717577844373648,0.15831516947652868,0.034737105230424954,0.02626794603321207,500,6
e,0.5592626748971193,max,16,0.6980013145983263,0.13873863970120692,0.030804331138197017,0.02019541914937927,500,6
e,0.5592626748971193,max,18,0.6882836378602517,0.12902096296313237,0.027920730394827068,0.017424416935343013,500,6
e,0.5592626748971193,max,20,0.6688361022366639,0.10957342733954456,0.02598832369747156,0.012680378161601823,500,6
e,0.5592626748971193,max,22,0.6652324807988012,0.10596980590168181,0.02293444002982954,0.011754536325242995,500,6
e,0.5592626748971193,max,24,0.6551634403774437,0.09590076548032433,0.018980188635656915,0.009556483885235997,500,6
e,0.5592626748971193,max,26,0.647409566191979,0.08814689129485964,0.019566828862330583,0.008151969515092087,500,6
e,0.5592626748971193,max,28,0.6420185347211064,0.08275585982398703,0.017392628062273555,0.007150430839098131,500,6
e,0.5592626748971193,max,30,0.6374443522454413,0.07818167734832193,0.016234098120998682,0.006375393522915708,500,6
e,0.5592626748971193,ea,8,1.623111111111111,1.0638484362139917,0.19166503591988807,1.1684355102571393,500,6
e,0.5592626748971193,ea,10,1.2621928069272976,0.7029301320301783,0.11053523413947916,0.5063043724262608,500,6
e,0.5592626748971193,ea,12,1.117955787037037,0.5586931121399176,0.08386035137968682,0.31915648696904414,500,6
e,0.5592626748971193,ea,14,1.051291502057613,0.4920288271604937,0.07037242434812918,0.247034740309347,500,6
e,0.5592626748971193,ea,16,0.9713319102044753,0.41206923530735595,0.056725331236858405,0.17301238236431254,500,6
e,0.5592626748971193,ea,18,0.9260785245191615,0.36681584962204217,0.047739728164701435,0.13682839101588976,500,6
e,0.5592626748971193,ea,20,0.8850841697916667,0.32582149489454737,0.04061366093696284,0.10780581705111071,500,6
e,0.5592626748971193,ea,22,0.8512771432508083,0.29201446835368894,0.03503310376430001,0.08649731345052913,500,6
e,0.5592626748971193,ea,24,0.8372793635513117,0.2780166886541924,0.033376685334536305,0.07840505428791497,500,6
e,0.5592626748971193,ea,26,0.8112612841212272,0.2519986092241079,0.02884416387953396,0.06433362086921425,500,6
e,0.5592626748971193,ea,28,0.7958355236471722,0.2365728487500529,0.02542199071151933,0.05661169782222854,500,6
e,0.5592626748971193,ea,30,0.7829040959053848,0.22364142100826545,0.023945490238056016,0.05058772492033161,500,6
f,0.5508943912894376,lsa,8,0.19386858320205336,-0.35702580808738427,0.17564706681618303,0.15825761593741616,500,6
f,0.5508943912894376,lsa,10,0.400730711893096,-0.15016367939634162,0.09330791283392324,0.03123808447407545,500,6
f,0.5508943912894376,lsa,12,0.5250594103089242,-0.0258349809805134,0.09312247501094684,0.009321898003723579,500,6
f,0.5508943912894376,lsa,14,0.5721423921038877,0.021248000814450108,0.06116081513591565,0.004184641556084338,500,6
f,0.5508943912894376,lsa,16,0.5835158083969807,0.03262141710754307,0.051438774100418715,0.0037048124400963,500,6
f,0.5508943912894376,lsa,18,0.590200769334586,0.03930637804514836,0.04698709521696349,0.003748362897722262,500,6
f,0.5508943912894376,lsa,20,0.5959569700066961,0.045062578717258495,0.04349138369096463,0.003918353455093111,500,6
f,0.5508943912894376,lsa,22,0.5956311142200507,0.04473672293061304,0.04196262970020704,0.0037587149453444206,500,6
f,0.5508943912894376,lsa,24,0.5954780320057164,0.04458364071627874,0.03806534475163004,0.0034337735496365604,500,6
f,0.5508943912894376,lsa,26,0.6018638935770695,0.05096950228763186,0.03675302607627689,0.003945973519360865,500,6
f,0.5508943912894376,lsa,28,0.6005782785190893,0.04968388722965167,0.035058124037378534,0.003695102567146921,500,6
f,0.5508943912894376,lsa,30,0.602807269339315,0.05191287804987743,0.03363791538337283,0.0038241932400577224,500,6
f,0.5508943912894376,weighted,8,-0.16341031036376955,-0.7143047016532071,0.024260249518856265,0.5108185893911811,500,6
f,0.5508943912894376,weighted,10,-0.1617424074,-0.7126367986894376,0.021780022934759335,0.5083246275065707,500,6
f,0.5508943912894376,weighted,12,-0.1581123557929313,-0.7090067470823689,0.019769116641188963,0.5030806037451496,500,6
f,0.5508943912894376,weighted,14,-0.15313943509932085,-0.7040338263887584,0.018764876235483254,0.49601504503856925,500,6
f,0.5508943912894376,weighted,16,-0.15870251244306563,-0.7095969037325033,0.016969624523743145,0.5038151580069193,500,6
f,0.5508943912894376,weighted,18,-0.1533013862192605,-0.7041957775086981,0.01690477925110165,0.4961768930794853,500,6
f,0.5508943912894376,weighted,20,-0.15565026762500003,-0.7065446589144376,0.015893962229564733,0.49945746783980316,500,6
f,0.5508943912894376,weighted,22,-0.15056040905450055,-0.7014548003439381,0.01467561186042056,0.49225377976186496,500,6
f,0.5508943912894376,weighted,24,-0.15132099050723316,-0.7022153817966708,0.013694717304957827,0.49329361262334265,500,6
f,0.5508943912894376,weighted,26,-0.14853025854917815,-0.6994246498386157,0.013169167640971093,0.48936792092427356,500,6
f,0.5508943912894376,weighted,28,-0.1470976553103671,-0.6979920465998047,0.013083406741512045,0.48736373029748387,500,6
f,0.5508943912894376,weighted,30,-0.14565266774979424,-0.6965470590392319,0.012917188661305125,0.48534432551158907,500,6
f,0.5508943912894376,max,8,0.7797611529385288,0.22886676164909114,0.08726982147595568,0.05998078428470621,500,6
f,0.5508943912894376,max,10,0.7417865126106886,0.190892121321251,0.06793242773833619,0.04104538709147461,500,6
f,0.5508943912894376,max,12,0.7050662741601159,0.1541718828706783,0.056448949064460296,0.026949080350671215,500,6
f,0.5508943912894376,max,14,0.6633449762813778,0.11245058499194016,0.048933672481350055,0.015034849358936552,500,6
f,0.5508943912894376,max,16,0.6441525074710158,0.0932581161815782,0.04543249610752241,0.010757059712891644,500,6
f,0.5508943912894376,max,18,0.6437647542513351,0.09287036296189743,0.041407868281970774,0.010336086649220293,500,6
f,0.5508943912894376,max,20,0.6292544899151699,0.07836009862573223,0.04098569360598749,0.007816772482837658,500,6
f,0.5508943912894376,max,22,0.6283255112756325,0.0774311199861949,0.03944336967145404,0.0075482461945334195,500,6
f,0.5508943912894376,max,24,0.6217587338321634,0.07086434254272578,0.03510754873603448,0.0062518299423093065,500,6
f,0.5508943912894376,max,26,0.6194972680489608,0.06860287675952315,0.03383118752313619,0.005848614850409478,500,6
f,0.5508943912894376,max,28,0.6174036543544762,0.06650926306503857,0.03290122344314686,0.005503807596502277,500,6
f,0.5508943912894376,max,30,0.6168102973223156,0.065915906032878,0.032380127832036885,0.005391282401197422,500,6
f,0.5508943912894376,ea,8,1.4973565972222223,0.9464622059327846,0.1623775590978673,0.9221044460143368,500,6
f,0.5508943912894376,ea,10,1.1340420353223595,0.5831476440329219,0.11103630704359935,0.35236557810006397,500,6
f,0.5508943912894376,ea,12,1.015588644547325,0.4646942532578874,0.08300101604441591,0.22281613933798222,500,6
f,0.5508943912894376,ea,14,0.9760384466756687,0.4251440553862311,0.07422036497706304,0.1862451130824245,500,6
f,0.5508943912894376,ea,16,0.8818883903935185,0.3309939991040809,0.06765768569320997,0.11412543475140677,500,6
f,0.5508943912894376,ea,18,0.8599588647191359,0.3090644734296982,0.0591804269150401,0.09901616702036332,500,6
f,0.5508943912894376,ea,20,0.8203335550464853,0.2694391637570477,0.051917579498712334,0.07528750715698024,500,6
f,0.5508943912894376,ea,22,0.7968917661442428,0.24599737485480522,0.04955538782988658,0.06296553342550011,500,6
f,0.5508943912894376,ea,24,0.781611312877765,0.23071692158832735,0.04455921664719762,0.05521185064782984,500,6
f,0.5508943912894376,ea,26,0.7616282490568502,0.2107338577674126,0.04261875314235642,0.04622148421270637,500,6
f,0.5508943912894376,ea,28,0.7533660479856499,0.20247165669621225,0.04162724876311739,0.04272413394921606,500,6
f,0.5508943912894376,ea,30,0.7416555846404124,0.19076119335097474,0.03879385380546036,0.03789178605558124,500,6
