setting,experiment_group,x0,K,p,action_type,true_value,estimator,N,mean_V,bias,stdev,mse,value_replications,H
1,main,5,0,1,1,7.5,LSA,50,8.139858923280423,0.639858923280423,0.7880081378409302,1.0291343533545059,500,3
1,main,5,0,1,1,7.5,LSA,100,6.963420102596992,-0.5365798974030076,0.4280678912118805,0.47079362154463583,500,3
1,main,5,0,1,1,7.5,LSA,150,6.861048280872726,-0.6389517191272738,0.3205850464751682,0.5108285218551376,500,3
1,main,5,0,1,1,7.5,LSA,200,6.920661099568369,-0.5793389004316314,0.2785987903617487,0.41309561297237885,500,3
1,main,5,0,1,1,7.5,LSA,250,6.978648794586434,-0.5213512054135663,0.24032172264503934,0.329446100700507,500,3
1,main,5,0,1,1,7.5,LSA,300,7.018114450357737,-0.4818855496422634,0.21869849911677483,0.2799470584029242,500,3
1,main,5,0,1,1,7.5,LSA,350,7.058054445530584,-0.44194555446941575,0.19166333551170162,0.23197723762639144,500,3
1,main,5,0,1,1,7.5,LSA,400,7.107814032877606,-0.3921859671223942,0.18206259284013618,0.18689032694397725,500,3
1,main,5,0,1,1,7.5,LSA,450,7.146664736826625,-0.35333526317337505,0.16351517690926892,0.15152954685530864,500,3
1,main,5,0,1,1,7.5,LSA,500,7.180476283633147,-0.31952371636685317,0.15137490382969512,0.12496393810731607,500,3
1,main,5,0,1,1,7.5,WEIGHTED,50,24.569701056,17.069701056,0.6136156150698449,291.75046521601894,500,3
1,main,5,0,1,1,7.5,WEIGHTED,100,22.571673044,15.071673044,0.37385440867014297,227.29481592988057,500,3
1,main,5,0,1,1,7.5,WEIGHTED,150,21.411180764444442,13.911180764444442,0.30799768235568836,193.61562310824092,500,3
1,main,5,0,1,1,7.5,WEIGHTED,200,20.52470410275,13.02470410275,0.24733268336561595,169.703968073541,500,3
1,main,5,0,1,1,7.5,WEIGHTED,250,19.855328486144,12.355328486144,0.21272352027116673,152.6993027940058,500,3
1,main,5,0,1,1,7.5,WEIGHTED,300,19.262017009111112,11.762017009111112,0.20200860955234573,138.38576998599572,500,3
1,main,5,0,1,1,7.5,WEIGHTED,350,18.77812948347522,11.278129483475219,0.17839816764112118,127.22796690043828,500,3
1,main,5,0,1,1,7.5,WEIGHTED,400,18.362154993875002,10.862154993875002,0.16517384414299532,118.01363894495502,500,3
1,main,5,0,1,1,7.5,WEIGHTED,450,18.008557895550073,10.508557895550073,0.16169923898762575,110.45588339472909,500,3
1,main,5,0,1,1,7.5,WEIGHTED,500,17.66639133936,10.16639133936,0.1399763391053934,103.37506705377234,500,3
1,main,5,0,1,1,7.5,MAX,50,4.7465845714285715,-2.7534154285714285,0.6281969409638559,7.975138656138257,500,3
1,main,5,0,1,1,7.5,MAX,100,6.031046973484135,-1.468953026515865,0.4075386207588833,2.3235785460653506,500,3
1,main,5,0,1,1,7.5,MAX,150,6.523387528642183,-0.976612471357817,0.30922984374653323,1.0492037692826024,500,3
1,main,5,0,1,1,7.5,MAX,200,6.742388892806215,-0.7576111071937852,0.2632488298430642,0.6431359362643065,500,3
1,main,5,0,1,1,7.5,MAX,250,6.876344879026153,-0.6236551209738472,0.24067332433357685,0.44675351166458743,500,3
1,main,5,0,1,1,7.5,MAX,300,6.980394263269178,-0.5196057367308224,0.20436787750596153,0.3116728185411596,500,3
1,main,5,0,1,1,7.5,MAX,350,7.044720058688725,-0.45527994131127514,0.19002638667271057,0.24331763253702096,500,3
1,main,5,0,1,1,7.5,MAX,400,7.08700406385365,-0.4129959361463502,0.1757172564837393,0.20138044439111996,500,3
1,main,5,0,1,1,7.5,MAX,450,7.146321460132591,-0.35367853986740894,0.16562889718996276,0.1524665752839371,500,3
1,main,5,0,1,1,7.5,MAX,500,7.173717465319754,-0.3262825346802458,0.15100884658462935,0.1292183568406918,500,3
1,main,5,0,1,1,7.5,EA,50,4.242261574074075,-3.2577384259259254,0.7173108802349146,11.12636548085991,500,3
1,main,5,0,1,1,7.5,EA,100,5.459243477531225,-2.040756522468775,0.5182457253722819,4.432728658601762,500,3
1,main,5,0,1,1,7.5,EA,150,6.017862185648486,-1.482137814351514,0.4181734827341184,2.3712518242693394,500,3
1,main,5,0,1,1,7.5,EA,200,6.325625530576492,-1.1743744694235083,0.38881209316091087,1.5300278885343406,500,3
1,main,5,0,1,1,7.5,EA,250,6.497819060299309,-1.0021809397006907,0.3309877720102225,1.1137004353092095,500,3
1,main,5,0,1,1,7.5,EA,300,6.619601741498114,-0.8803982585018861,0.3056907631425598,0.8683610425584929,500,3
1,main,5,0,1,1,7.5,EA,350,6.744782152966774,-0.7552178470332258,0.2835183034833179,0.6505758596307389,500,3
1,main,5,0,1,1,7.5,EA,400,6.792328660334855,-0.7076713396651453,0.2791963673291746,0.5785934352902091,500,3
1,main,5,0,1,1,7.5,EA,450,6.859450788262855,-0.6405492117371452,0.27015882696859345,0.48314311286254563,500,3
1,main,5,0,1,1,7.5,EA,500,6.895857208169106,-0.6041427918308937,0.23581417986142494,0.4204856236900956,500,3
2,main,5,5,10,1,25.785000000000004,LSA,50,27.38288855442177,1.5978885544217647,2.717146830361325,9.921368956299188,500,3
2,main,5,5,10,1,25.785000000000004,LSA,100,27.24782295187039,1.4628229518703861,2.0629965926181835,6.387294019790711,500,3
2,main,5,5,10,1,25.785000000000004,LSA,150,27.62888249433726,1.843882494337258,1.981883888470292,7.319910672806751,500,3
2,main,5,5,10,1,25.785000000000004,LSA,200,26.12302177770098,0.33802177770097686,1.0291895062139822,1.1713712998217092,500,3
2,main,5,5,10,1,25.785000000000004,LSA,250,25.92763186568583,0.14263186568582498,0.9927135677271336,1.0038531162034545,500,3
2,main,5,5,10,1,25.785000000000004,LSA,300,25.970412473349448,0.18541247334944444,0.7458171725222611,0.5895085535930009,500,3
2,main,5,5,10,1,25.785000000000004,LSA,350,25.689002436598305,-0.09599756340169918,0.521280655868819,0.2804055873177238,500,3
2,main,5,5,10,1,25.785000000000004,LSA,400,25.728847868031067,-0.0561521319689362,0.5592509184849197,0.3152891285712304,500,3
2,main,5,5,10,1,25.785000000000004,LSA,450,25.69099220007301,-0.09400779992699526,0.4491018317355777,0.21012653680482896,500,3
2,main,5,5,10,1,25.785000000000004,LSA,500,25.640789552562236,-0.1442104474377679,0.40290524735250166,0.18280462621769386,500,3
2,main,5,5,10,1,25.785000000000004,WEIGHTED,50,44.862479984,19.077479983999993,0.7957828087912625,364.58224627813064,500,3
2,main,5,5,10,1,25.785000000000004,WEIGHTED,100,44.586722104,18.801722104,0.5533696009717157,353.81035955549106,500,3
2,main,5,5,10,1,25.785000000000004,WEIGHTED,150,44.3186750482963,18.533675048296296,0.46156639628077467,343.70972824693985,500,3
2,main,5,5,10,1,25.785000000000004,WEIGHTED,200,44.153114708,18.368114707999993,0.40547361834684637,337.55171796371064,500,3
2,main,5,5,10,1,25.785000000000004,WEIGHTED,250,44.015785882496,18.230785882495994,0.3492882563322111,332.4833121748549,500,3
2,main,5,5,10,1,25.785000000000004,WEIGHTED,300,43.85098746103703,18.065987461037025,0.324754901682502,326.4851577570218,500,3
2,main,5,5,10,1,25.785000000000004,WEIGHTED,350,43.7257764454344,17.940776445434395,0.30712312027166205,321.9655954268371,500,3
2,main,5,5,10,1,25.785000000000004,WEIGHTED,400,43.61218570121875,17.827185701218745,0.28524204750380233,317.8897503253509,500,3
2,main,5,5,10,1,25.785000000000004,WEIGHTED,450,43.512149892521265,17.72714989252126,0.2728366080573848,314.32613424698326,500,3
2,main,5,5,10,1,25.785000000000004,WEIGHTED,500,43.384276133456005,17.599276133456,0.2544986801663017,309.79916046068377,500,3
2,main,5,5,10,1,25.785000000000004,MAX,50,20.28049162037037,-5.504508379629634,2.030899250272424,34.41591516264044,500,3
2,main,5,5,10,1,25.785000000000004,MAX,100,22.946713270944848,-2.838286729055156,1.4896806089793584,10.270581576466165,500,3
2,main,5,5,10,1,25.785000000000004,MAX,150,24.003902592197477,-1.7810974078025268,1.1560627887012884,4.506116185157857,500,3
2,main,5,5,10,1,25.785000000000004,MAX,200,24.578763543760374,-1.2062364562396297,0.8208446089961642,2.1274446887353706,500,3
2,main,5,5,10,1,25.785000000000004,MAX,250,24.882124028797037,-0.9028759712029668,0.6868614487998339,1.2860201119234171,500,3
2,main,5,5,10,1,25.785000000000004,MAX,300,25.073617224810683,-0.7113827751893211,0.5901740523604112,0.8536742540914124,500,3
2,main,5,5,10,1,25.785000000000004,MAX,350,25.241510975725106,-0.5434890242748978,0.4108297257549832,0.4638238209440701,500,3
2,main,5,5,10,1,25.785000000000004,MAX,400,25.327952612771405,-0.4570473872285987,0.3895854913115549,0.36036561550287216,500,3
2,main,5,5,10,1,25.785000000000004,MAX,450,25.398245243024075,-0.38675475697592887,0.3882216021721999,0.2999938224118744,500,3
2,main,5,5,10,1,25.785000000000004,MAX,500,25.410712705850475,-0.37428729414952855,0.35315874579098583,0.2645626360909814,500,3
2,main,5,5,10,1,25.785000000000004,EA,50,19.896879305555554,-5.888120694444449,1.938931645142557,38.42190232503112,500,3
2,main,5,5,10,1,25.785000000000004,EA,100,22.761991286998043,-3.0230087130019605,1.4257236175265862,11.167204136791714,500,3
2,main,5,5,10,1,25.785000000000004,EA,150,23.65807044482638,-2.126929555173625,1.3192561836900023,6.260785337118976,500,3
2,main,5,5,10,1,25.785000000000004,EA,200,24.336436022061047,-1.4485639779389565,0.9426907298789642,2.985226078757678,500,3
2,main,5,5,10,1,25.785000000000004,EA,250,24.644519174364014,-1.14048082563599,0.7912460098766142,1.925514621292721,500,3
2,main,5,5,10,1,25.785000000000004,EA,300,24.86683597153534,-0.9181640284646626,0.6868589611876837,1.3138568652651543,500,3
2,main,5,5,10,1,25.785000000000004,EA,350,25.07378306382356,-0.7112169361764451,0.5076261256395993,0.7629984451692213,500,3
2,main,5,5,10,1,25.785000000000004,EA,400,25.158542758625998,-0.6264572413740055,0.45853033601975174,0.6022782441822166,500,3
2,main,5,5,10,1,25.785000000000004,EA,450,25.274776097788884,-0.5102239022111199,0.40877860073136324,0.4270941749146058,500,3
2,main,5,5,10,1,25.785000000000004,EA,500,25.31777193895064,-0.4672280610493651,0.38977705435766535,0.36992436083148084,500,3
1R,robustness,10,0,1,1,11.34,LSA,50,11.257132517203368,-0.08286748279663136,1.1319803263779795,1.2856837200932336,500,3
1R,robustness,10,0,1,1,11.34,LSA,100,10.979231732210538,-0.3607682677894619,0.820960476760308,0.8027818952375169,500,3
1R,robustness,10,0,1,1,11.34,LSA,150,10.995386070049411,-0.34461392995058837,0.6430560087320051,0.531452749021593,500,3
1R,robustness,10,0,1,1,11.34,LSA,200,11.073506455271222,-0.2664935447287782,0.5644667630586135,0.3890042905267829,500,3
1R,robustness,10,0,1,1,11.34,LSA,250,11.049765020604056,-0.2902349793959438,0.49256003931612463,0.3263665048114038,500,3
1R,robustness,10,0,1,1,11.34,LSA,300,11.09371102871364,-0.24628897128635963,0.43383131497906247,0.24849144801404274,500,3
1R,robustness,10,0,1,1,11.34,LSA,350,11.151271676142693,-0.18872832385730653,0.3974658254323449,0.19328150444783007,500,3
1R,robustness,10,0,1,1,11.34,LSA,400,11.183511847912488,-0.15648815208751188,0.37690841243738277,0.1662643732071,500,3
1R,robustness,10,0,1,1,11.34,LSA,450,11.15228791172739,-0.18771208827261,0.34629930045791274,0.15491918717030842,500,3
1R,robustness,10,0,1,1,11.34,LSA,500,11.193182269133205,-0.14681773086679506,0.31915916536556144,0.12321429378804251,500,3
1R,robustness,10,0,1,1,11.34,WEIGHTED,50,28.663629408000002,17.323629408000002,0.7484321121498537,300.6671661909665,500,3
1R,robustness,10,0,1,1,11.34,WEIGHTED,100,26.971356132,15.631356132,0.5234968449728188,244.6127953742171,500,3
1R,robustness,10,0,1,1,11.34,WEIGHTED,150,25.859353168000002,14.519353168000002,0.4599004388695371,211.0227018139567,500,3
1R,robustness,10,0,1,1,11.34,WEIGHTED,200,25.03427190975,13.69427190975,0.38357443393061125,187.67991822584037,500,3
1R,robustness,10,0,1,1,11.34,WEIGHTED,250,24.325188453120003,12.985188453120003,0.35720490289138296,168.74245931500533,500,3
1R,robustness,10,0,1,1,11.34,WEIGHTED,300,23.77674277451852,12.436742774518521,0.3167195349616803,154.7726814808373,500,3
1R,robustness,10,0,1,1,11.34,WEIGHTED,350,23.272925859125365,11.932925859125366,0.30684355365125054,142.48868421986734,500,3
1R,robustness,10,0,1,1,11.34,WEIGHTED,400,22.830441221437496,11.490441221437496,0.28575777484426274,132.11173365418227,500,3
1R,robustness,10,0,1,1,11.34,WEIGHTED,450,22.456085118331963,11.116085118331963,0.26519921197203944,123.63753831878783,500,3
1R,robustness,10,0,1,1,11.34,WEIGHTED,500,22.086029907328005,10.746029907328005,0.2655194212874689,115.5475183311425,500,3
1R,robustness,10,0,1,1,11.34,MAX,50,9.579453359906688,-1.7605466400933114,1.2733344669633444,4.7176623753711535,500,3
1R,robustness,10,0,1,1,11.34,MAX,100,10.420971561656735,-0.9190284383432648,0.8490090679662027,1.5639880351775228,500,3
1R,robustness,10,0,1,1,11.34,MAX,150,10.797029972088431,-0.5429700279115686,0.6833354742267385,0.7608299268062997,500,3
1R,robustness,10,0,1,1,11.34,MAX,200,10.943404890271788,-0.3965951097282119,0.56969020695953,0.48118551910211227,500,3
1R,robustness,10,0,1,1,11.34,MAX,250,10.99654485077726,-0.34345514922273956,0.5249474368910747,0.3929801114031263,500,3
1R,robustness,10,0,1,1,11.34,MAX,300,11.107119615482366,-0.2328803845176335,0.46520911520659314,0.2702199553226389,500,3
1R,robustness,10,0,1,1,11.34,MAX,350,11.108361887829254,-0.2316381121707458,0.40361456249915467,0.2162351206412881,500,3
1R,robustness,10,0,1,1,11.34,MAX,400,11.140111796894399,-0.1998882031056013,0.36821577890770696,0.17526698785772207,500,3
1R,robustness,10,0,1,1,11.34,MAX,450,11.15150397269745,-0.18849602730255022,0.32318214835714715,0.13976855992355144,500,3
1R,robustness,10,0,1,1,11.34,MAX,500,11.173755389123595,-0.1662446108764044,0.3276179400464021,0.13475611825641476,500,3
1R,robustness,10,0,1,1,11.34,EA,50,8.78945861111111,-2.55054138888889,1.540479166224633,8.873591285884256,500,3
1R,robustness,10,0,1,1,11.34,EA,100,9.84510491476168,-1.4948950852383192,1.2320996884981332,3.7497448189820832,500,3
1R,robustness,10,0,1,1,11.34,EA,150,10.313203376204621,-1.026796623795379,1.029951964168458,2.1129907530350653,500,3
1R,robustness,10,0,1,1,11.34,EA,200,10.557425572633976,-0.7825744273660238,0.8944376931544215,1.4108414837287946,500,3
1R,robustness,10,0,1,1,11.34,EA,250,10.688615889194272,-0.6513841108057274,0.7878812850339793,1.04381666527835,500,3
1R,robustness,10,0,1,1,11.34,EA,300,10.808596906982059,-0.531403093017941,0.7217567833787043,0.8022802359135013,500,3
1R,robustness,10,0,1,1,11.34,EA,350,10.859935160823253,-0.48006483917674636,0.6667215442254414,0.6740908321130834,500,3
1R,robustness,10,0,1,1,11.34,EA,400,10.930430318319862,-0.4095696816801375,0.6589067438934427,0.6010371051055311,500,3
1R,robustness,10,0,1,1,11.34,EA,450,10.93754744130258,-0.40245255869741925,0.6039262510846539,0.5259655249177656,500,3
1R,robustness,10,0,1,1,11.34,EA,500,10.958356027771973,-0.3816439722280265,0.5748797290471197,0.4754778510015379,500,3
2R,robustness,0,5,10,1,25.785000000000004,LSA,50,32.335142698412696,6.550142698412692,6.510786713401169,85.20993230971551,500,3
2R,robustness,0,5,10,1,25.785000000000004,LSA,100,29.508286832292608,3.7232868322926045,5.600788697330207,45.16896119960099,500,3
2R,robustness,0,5,10,1,25.785000000000004,LSA,150,29.001291373845138,3.2162913738451344,2.7098870706379863,17.673331161210342,500,3
2R,robustness,0,5,10,1,25.785000000000004,LSA,200,27.191152447439503,1.4061524474394993,1.5020360877939172,4.228864889657287,500,3
2R,robustness,0,5,10,1,25.785000000000004,LSA,250,26.472949063646833,0.6879490636468297,0.9897208541731414,1.4508621886193924,500,3
2R,robustness,0,5,10,1,25.785000000000004,LSA,300,26.154324747340862,0.3693247473408583,0.7350166834528115,0.6755697949024506,500,3
2R,robustness,0,5,10,1,25.785000000000004,LSA,350,25.873911209236017,0.08891120923601292,0.5479409446673795,0.30754400341310395,500,3
2R,robustness,0,5,10,1,25.785000000000004,LSA,400,25.776688107564684,-0.008311892435319379,0.4520546720194943,0.20401380719751955,500,3
2R,robustness,0,5,10,1,25.785000000000004,LSA,450,25.751440138933436,-0.03355986106656772,0.4289487014992497,0.18475525881566415,500,3
2R,robustness,0,5,10,1,25.785000000000004,LSA,500,25.71490286176628,-0.07009713823372365,0.3812198684032943,0.14995153967785188,500,3
2R,robustness,0,5,10,1,25.785000000000004,WEIGHTED,50,49.32020326399999,23.53520326399999,1.5761199344306651,556.3849784174103,500,3
2R,robustness,0,5,10,1,25.785000000000004,WEIGHTED,100,49.159284146,23.374284145999994,1.0004891438141115,547.3561359077828,500,3
2R,robustness,0,5,10,1,25.785000000000004,WEIGHTED,150,48.48532718399999,22.70032718399999,0.7746300945950735,515.9037059405347,500,3
2R,robustness,0,5,10,1,25.785000000000004,WEIGHTED,200,48.0399155065,22.254915506499998,0.6059009597971959,495.64764594259094,500,3
2R,robustness,0,5,10,1,25.785000000000004,WEIGHTED,250,47.761024405503996,21.976024405503992,0.5619427787988532,483.2607967985781,500,3
2R,robustness,0,5,10,1,25.785000000000004,WEIGHTED,300,47.51886584318519,21.733865843185185,0.4821604259821029,472.59293820860194,500,3
2R,robustness,0,5,10,1,25.785000000000004,WEIGHTED,350,47.24540069793586,21.460400697935853,0.42106651419809277,460.7257405313259,500,3
2R,robustness,0,5,10,1,25.785000000000004,WEIGHTED,400,47.080346064687504,21.2953460646875,0.3725000458161361,453.6302427863659,500,3
2R,robustness,0,5,10,1,25.785000000000004,WEIGHTED,450,46.892366922096016,21.107366922096013,0.34931888764877356,445.64271802189074,500,3
2R,robustness,0,5,10,1,25.785000000000004,WEIGHTED,500,46.7173642212,20.932364221199997,0.3332188557476991,438.2746846251878,500,3
2R,robustness,0,5,10,1,25.785000000000004,MAX,50,20.508632777777777,-5.276367222222227,1.1428178143854861,29.143471555504156,500,3
2R,robustness,0,5,10,1,25.785000000000004,MAX,100,23.483809664055453,-2.3011903359445505,0.721538851122839,5.815054039296896,500,3
2R,robustness,0,5,10,1,25.785000000000004,MAX,150,24.370385217754446,-1.4146147822455575,0.5523941605696286,2.305664012161815,500,3
2R,robustness,0,5,10,1,25.785000000000004,MAX,200,24.767364733447792,-1.0176352665522117,0.459574685738862,1.246368009719217,500,3
2R,robustness,0,5,10,1,25.785000000000004,MAX,250,25.022119284626264,-0.7628807153737398,0.40377816027953195,0.7446977150024379,500,3
2R,robustness,0,5,10,1,25.785000000000004,MAX,300,25.159804162978695,-0.6251958370213089,0.3736879709308917,0.5302332488479902,500,3
2R,robustness,0,5,10,1,25.785000000000004,MAX,350,25.289452499198728,-0.4955475008012762,0.33243961751343015,0.3558623926442783,500,3
2R,robustness,0,5,10,1,25.785000000000004,MAX,400,25.371627991882026,-0.41337200811797814,0.30403764452074933,0.2631304286026442,500,3
2R,robustness,0,5,10,1,25.785000000000004,MAX,450,25.410948857957713,-0.3740511420422905,0.2822516727549246,0.21942093162254903,500,3
2R,robustness,0,5,10,1,25.785000000000004,MAX,500,25.44808721744857,-0.3369127825514333,0.27707783708486705,0.19012880659457243,500,3
2R,robustness,0,5,10,1,25.785000000000004,EA,50,20.05335101851852,-5.731648981481484,1.2333222079294097,34.36984154815248,500,3
2R,robustness,0,5,10,1,25.785000000000004,EA,100,23.1560572989418,-2.628942701058204,0.7646775698155792,7.494902047654712,500,3
2R,robustness,0,5,10,1,25.785000000000004,EA,150,24.074457469387635,-1.7105425306123685,0.610111874851818,3.2974477758692817,500,3
2R,robustness,0,5,10,1,25.785000000000004,EA,200,24.581189628223566,-1.203810371776438,0.4929673480309958,1.6916901838087943,500,3
2R,robustness,0,5,10,1,25.785000000000004,EA,250,24.84541080949153,-0.9395891905084746,0.4662365693549573,1.0997696324470458,500,3
2R,robustness,0,5,10,1,25.785000000000004,EA,300,24.99763514729253,-0.7873648527074728,0.39567404371121634,0.7761882442481135,500,3
2R,robustness,0,5,10,1,25.785000000000004,EA,350,25.16472774788878,-0.6202722521112243,0.3752252818433931,0.5252500908493148,500,3
2R,robustness,0,5,10,1,25.785000000000004,EA,400,25.210943398026867,-0.5740566019731368,0.3520992710387264,0.45326693114161715,500,3
2R,robustness,0,5,10,1,25.785000000000004,EA,450,25.283575482073864,-0.5014245179261394,0.35993546100701224,0.3807209761956112,500,3
2R,robustness,0,5,10,1,25.785000000000004,EA,500,25.328607043662338,-0.4563929563376661,0.30597089126432064,0.30172548052311343,500,3
