estimator,N,mean_V,bias,stdev,mse,true_value,value_replications,depth
lsa,20,0.9062115115501782,-0.05316348844982177,0.16382817282594034,0.029612347375217528,0.959375,500,6
lsa,30,0.9357272319582398,-0.023647768041760164,0.10300606507102573,0.011148245875890445,0.959375,500,6
lsa,40,0.9468090076136791,-0.012565992386320834,0.08015281129276072,0.00656952837646972,0.959375,500,6
lsa,50,0.9603649824634868,0.0009899824634868049,0.0536239623813862,0.0028707583480753725,0.959375,500,6
lsa,60,0.963477627779652,0.0041026277796519794,0.041189107624872004,0.0017099810564577948,0.959375,500,6
max,20,1.0,0.04062500000000002,0.0,0.0016503906250000012,0.959375,500,6
max,30,0.998560419820204,0.03918541982020407,0.005761949248791626,0.0015686307855130007,0.959375,500,6
max,40,0.9948771838765887,0.035502183876588767,0.008829270860823872,0.001338205171893041,0.959375,500,6
max,50,0.9896341129795975,0.03025911297959749,0.011583834166930445,0.0010495307618909836,0.959375,500,6
max,60,0.9849054519487674,0.025530451948767463,0.012661825472814928,0.0008118051573637357,0.959375,500,6
weighted,20,0.381166544375,-0.578208455625,0.028814349624271478,0.3351536243670288,0.959375,500,6
weighted,30,0.39283676958847735,-0.5665382304115226,0.023477840904836896,0.3215156731133452,0.959375,500,6
weighted,40,0.40894616896484376,-0.5504288310351562,0.02141549658746429,0.30342960428182814,0.959375,500,6
weighted,50,0.4198818144032,-0.5394931855967999,0.018773689898064654,0.29140464383490716,0.959375,500,6
weighted,60,0.4290308628575103,-0.5303441371424897,0.017924516924227148,0.2815855495317649,0.959375,500,6
